biosequence_name	biosequence_accession	biosequence_gene_name	is_covering	pct_coverage	presence_level	probability	confidence	n_observations	norm_PSMs_per_100K	n_distinct_peptides	n_distinct_synpeptides	chromosome	genetic_locus	start_in_chromosome	end_in_chromosome	strand	relationship_phrase	reference_biosequence	represented_by_biosequence_id	group_number	seq_unique_prots_in_group	protein_group_seq_align_link	is_keratin	is_immunoglobulin	biosequence_description	organism_full_name
A0A0H2XKC8	A0A0H2XKC8		C		insufficient evidence	  0.997	  0.000	1		1									A0A0H2XKC8	49	1				strain/isolate=APEC UPTR A0A0H2XKC8_ECOK1 ParM OS=Escherichia coli O1:K1 / APEC OX=405955 GN=parM PE=4 SV=1	Escherichia coli
A0A0H2XKC9	A0A0H2XKC9		C		insufficient evidence	  1.000	  0.000	1		1									A0A0H2XKC9	50	1				strain/isolate=APEC UPTR A0A0H2XKC9_ECOK1 Cation efflux system protein CusF OS=Escherichia coli O1:K1 / APEC OX=405955 GN=APECO1_O1R112 PE=4 SV=1	Escherichia coli
A0A0H2XLH0	A0A0H2XLH0		C		insufficient evidence	  1.000	  0.000	4		1									A0A0H2XLH0	77	1				strain/isolate=APEC UPTR A0A0H2XLH0_ECOK1 VWFA domain-containing protein OS=Escherichia coli O1:K1 / APEC OX=405955 GN=APECO1_O1R37 PE=4 SV=1	Escherichia coli
A0A0H2Z2T5	A0A0H2Z2T5		C		insufficient evidence	  0.999	  0.000	1		1									A0A0H2Z2T5	224	1				strain/isolate=APEC UPTR A0A0H2Z2T5_ECOK1 IS2 transposase OS=Escherichia coli O1:K1 / APEC OX=405955 GN=insC PE=3 SV=1	Escherichia coli
A0A0H2Z484	A0A0H2Z484		C		insufficient evidence	  1.000	  0.000	3		1									A0A0H2Z484	249	1				strain/isolate=APEC UPTR A0A0H2Z484_ECOK1 protein-N(pi)-phosphohistidine--D-fructose phosphotransferase OS=Escherichia coli O1:K1 / APEC OX=405955 GN=APECO1_2800 PE=4 SV=1	Escherichia coli
B7UM83	B7UM83	E2348C_3925		7.69													identical	A0A0H2Z484	A0A0H2Z484	249	1				strain/isolate=E2348-69 UPTR B7UM83_ECO27 protein-N(pi)-phosphohistidine--D-fructose phosphotransferase OS=Escherichia coli O127:H6 (strain E2348/69 / EPEC) OX=574521 GN=E2348C_3925 PE=4 SV=1	Escherichia coli
UPI00000DF230	UPI00000DF230			7.69													identical	A0A0H2Z484	A0A0H2Z484	249	1				"strain/isolate=ATCC_25922,NC101 status=active"	Escherichia coli
A0A140N869	A0A140N869		C		insufficient evidence	  0.999	  0.000	255		1									A0A140N869	306	1				strain/isolate=BL21 UPTR A0A140N869_ECOBD Uncharacterized protein OS=Escherichia coli (strain B / BL21-DE3) OX=469008 GN=ECBD_0636 PE=4 SV=1	Escherichia coli
B7UMA4	B7UMA4	E2348C_3946	C		insufficient evidence	  1.000	  0.000	2		1									B7UMA4	457	1				strain/isolate=E2348-69 UPTR B7UMA4_ECO27 Type III secretion system LEE needle length regulator EscP OS=Escherichia coli O127:H6 (strain E2348/69 / EPEC) OX=574521 GN=E2348C_3946 PE=4 SV=1	Escherichia coli
B7UP07	B7UP07	E2348C_1075	C		insufficient evidence	  0.997	  0.000	8		1									B7UP07	490	1				strain/isolate=E2348-69 UPTR B7UP07_ECO27 Inovirus Gp2 family protein OS=Escherichia coli O127:H6 (strain E2348/69 / EPEC) OX=574521 GN=E2348C_1075 PE=4 SV=1	Escherichia coli
B7UQ14	B7UQ14	E2348C_1244	C		insufficient evidence	  1.000	  0.000	2		1									B7UQ14	504	1				strain/isolate=E2348-69 UPTR B7UQ14_ECO27 Methyltransferase OS=Escherichia coli O127:H6 (strain E2348/69 / EPEC) OX=574521 GN=E2348C_1244 PE=3 SV=1	Escherichia coli
B7UR63	B7UR63	E2348C_1445	C		insufficient evidence	  1.000	  0.000	2		2									B7UR63	522	1				strain/isolate=E2348-69 UPTR B7UR63_ECO27 T3SS secreted effector NleF homolog OS=Escherichia coli O127:H6 (strain E2348/69 / EPEC) OX=574521 GN=E2348C_1445 PE=4 SV=1	Escherichia coli
B7UT27	B7UT27	pduB	C		insufficient evidence	  1.000	  0.000	1		1									B7UT27	541	1				strain/isolate=E2348-69 UPTR B7UT27_ECO27 Propanediol utilization protein PduB OS=Escherichia coli O127:H6 (strain E2348/69 / EPEC) OX=574521 GN=pduB PE=4 SV=1	Escherichia coli
UPI0000D5B80A	UPI0000D5B80A			2.59													identical	B7UT27	B7UT27	541	1				strain/isolate=NC101 status=active	Escherichia coli
D6I5D9	D6I5D9	ECDG_00035	C		insufficient evidence	  0.999	  0.000	20		1									CONTAM_sp|P04264|K2C1_HUMAN	694	90				strain/isolate=B185 UPTR D6I5D9_ECOLX Uncharacterized protein OS=Escherichia coli B185 OX=550676 GN=ECDG_00035 PE=4 SV=1	Escherichia coli
D6IAD4	D6IAD4	ECDG_02337	C		insufficient evidence	  1.000	  0.000	6		1									D6IAD4	743	1				strain/isolate=B185 UPTR D6IAD4_ECOLX Predicted protein OS=Escherichia coli B185 OX=550676 GN=ECDG_02337 PE=4 SV=1	Escherichia coli
D6IBZ7	D6IBZ7	ECDG_02043	C		insufficient evidence	  0.998	  0.000	163		1									D6IBZ7	746	1				strain/isolate=B185 UPTR D6IBZ7_ECOLX Predicted protein OS=Escherichia coli B185 OX=550676 GN=ECDG_02043 PE=4 SV=1	Escherichia coli
D6IC00	D6IC00	ECDG_02047	C		insufficient evidence	  0.999	  0.000	1		1									D6IC00	748	1				strain/isolate=B185 UPTR D6IC00_ECOLX ProQ/FinO domain-containing protein OS=Escherichia coli B185 OX=550676 GN=ECDG_02047 PE=4 SV=1	Escherichia coli
D6IC81	D6IC81	ECDG_03491	C		insufficient evidence	  1.000	  0.000	2		1									D6IC81	752	1				strain/isolate=B185 UPTR D6IC81_ECOLX Prophage regulatory protein OS=Escherichia coli B185 OX=550676 GN=ECDG_03491 PE=4 SV=1	Escherichia coli
D6ICT3	D6ICT3	ECDG_03701	C		insufficient evidence	  1.000	  0.000	1		1									D6ICT3	755	1				strain/isolate=B185 UPTR D6ICT3_ECOLX Lipoprotein OS=Escherichia coli B185 OX=550676 GN=ECDG_03701 PE=3 SV=1	Escherichia coli
D6IDE7	D6IDE7	ECDG_03067	C		insufficient evidence	  1.000	  0.000	7		1									D6IDE7	760	1				strain/isolate=B185 UPTR D6IDE7_ECOLX Uncharacterized protein OS=Escherichia coli B185 OX=550676 GN=ECDG_03067 PE=4 SV=1	Escherichia coli
D6IDK2	D6IDK2	ECDG_03123	C		insufficient evidence	  1.000	  0.000	2		1									D6IDK2	765	1				strain/isolate=B185 UPTR D6IDK2_ECOLX K88 minor fimbrial subunit faeF OS=Escherichia coli B185 OX=550676 GN=ECDG_03123 PE=4 SV=1	Escherichia coli
D6IFC5	D6IFC5	ECDG_04161	C		insufficient evidence	  0.913	  0.000	1		1									D6IFC5	774	1				strain/isolate=B185 UPTR D6IFC5_ECOLX Outer membrane usher protein OS=Escherichia coli B185 OX=550676 GN=ECDG_04161 PE=3 SV=1	Escherichia coli
D6IFX1	D6IFX1	ECDG_04353	C		insufficient evidence	  0.999	  0.000	36		1									D6IFX1	779	1				strain/isolate=B185 UPTR D6IFX1_ECOLX Fimbrial chaperone OS=Escherichia coli B185 OX=550676 GN=ECDG_04353 PE=3 SV=1	Escherichia coli
D6IGE9	D6IGE9	ECDG_04450	C		insufficient evidence	  0.975	  0.000	6		1									D6IGE9	781	1				strain/isolate=B185 UPTR D6IGE9_ECOLX Uncharacterized protein OS=Escherichia coli B185 OX=550676 GN=ECDG_04450 PE=4 SV=1	Escherichia coli
D6IGH9	D6IGH9	ECDG_04480	C		insufficient evidence	  0.999	  0.000	4		1									D6IGH9	784	1				strain/isolate=B185 UPTR D6IGH9_ECOLX DNA-invertase lambdoid prophage e14 OS=Escherichia coli B185 OX=550676 GN=ECDG_04480 PE=3 SV=1	Escherichia coli
D6II98	D6II98	ECDG_02933	C		insufficient evidence	  1.000	  0.000	6		1									D6II98	792	1				strain/isolate=B185 UPTR D6II98_ECOLX Programmed cell death antitoxin MazE OS=Escherichia coli B185 OX=550676 GN=ECDG_02933 PE=4 SV=1	Escherichia coli
P45394	P45394	yrbG	C		insufficient evidence	  0.999	  0.000	538		2									P06988	1123	16				strain/isolate=K-12 UPSP YRBG_ECOLI Inner membrane protein YrbG OS=Escherichia coli (strain K12) OX=83333 GN=yrbG PE=1 SV=1	Escherichia coli
ECFI4_02873	ECFI4_02873			2.46													identical	A0A0H2Z436	P06988	1123	16				strain/isolate=ST73 Calcium/sodium antiporter OS=Escherichia coli (strain K12) OX=83333 GN=FAZ83_04800 PE=4 SV=1	Escherichia coli
UPI00000DF0EF	UPI00000DF0EF			2.46													identical	A0A0H2Z436	P06988	1123	16				strain/isolate=ATCC_25922 status=active	Escherichia coli
A0A0H2Z436	A0A0H2Z436			2.46													indistinguishable	P45394	P06988	1123	16				strain/isolate=APEC UPTR A0A0H2Z436_ECOK1 Sodium/calcium exchanger protein OS=Escherichia coli O1:K1 / APEC OX=405955 GN=yrbG PE=4 SV=1	Escherichia coli
A0A140N5C5	A0A140N5C5			2.46													indistinguishable	P45394	P06988	1123	16				"strain/isolate=BL21 UPTR A0A140N5C5_ECOBD Na+/Ca+ antiporter, CaCA family OS=Escherichia coli (strain B / BL21-DE3) OX=469008 GN=ECBD_0546 PE=4 SV=1"	Escherichia coli
B7UJT6	B7UJT6	yrbG		2.46													indistinguishable	P45394	P06988	1123	16				strain/isolate=E2348-69 UPTR B7UJT6_ECO27 Predicted calcium/sodium: proton antiporter OS=Escherichia coli O127:H6 (strain E2348/69 / EPEC) OX=574521 GN=yrbG PE=4 SV=1	Escherichia coli
D6IEA8	D6IEA8	ECDG_03385		2.46													indistinguishable	P45394	P06988	1123	16				strain/isolate=B185 UPTR D6IEA8_ECOLX K+-dependent Na+/Ca+ exchanger OS=Escherichia coli B185 OX=550676 GN=ECDG_03385 PE=4 SV=1	Escherichia coli
ECFI20_03053	ECFI20_03053			3.29													indistinguishable	P45394	P06988	1123	16				strain/isolate=ST131 Calcium/sodium antiporter OS=Escherichia coli (strain K12) OX=83333 GN=FAZ83_04800 PE=4 SV=1	Escherichia coli
UPI0001E1781E	UPI0001E1781E			2.46													indistinguishable	P45394	P06988	1123	16				strain/isolate=NC101 status=active	Escherichia coli
ECFI10_03107	ECFI10_03107			2.46													identical	P45394	P06988	1123	16				strain/isolate=ST93 Calcium/sodium antiporter OS=Escherichia coli (strain K12) OX=83333 GN=FAZ83_04800 PE=4 SV=1	Escherichia coli
ECFI19_03114	ECFI19_03114			2.46													identical	P45394	P06988	1123	16				strain/isolate=ST1421 Calcium/sodium antiporter OS=Escherichia coli (strain K12) OX=83333 GN=FAZ83_04800 PE=4 SV=1	Escherichia coli
UPI000013BFB0	UPI000013BFB0			2.46													identical	P45394	P06988	1123	16				"strain/isolate=K-12_MC4100,DH5,K-12_W3110,BW25113,K-12_NCM3722 status=active"	Escherichia coli
P0A7Q6	P0A7Q6	rpmJ	C		insufficient evidence	  0.999	  0.000	642		2									P0A7Q6	1391	1				strain/isolate=K-12 UPSP RL36_ECOLI Large ribosomal subunit protein bL36A OS=Escherichia coli (strain K12) OX=83333 GN=rpmJ PE=1 SV=1	Escherichia coli
A0A140N5M6	A0A140N5M6			42.11													identical	P0A7Q6	P0A7Q6	1391	1				strain/isolate=BL21 UPTR A0A140N5M6_ECOBD Large ribosomal subunit protein bL36 OS=Escherichia coli (strain B / BL21-DE3) OX=469008 GN=rpmJ PE=1 SV=1	Escherichia coli
B7UK23	B7UK23	rpmJ		42.11													identical	P0A7Q6	P0A7Q6	1391	1				strain/isolate=E2348-69 UPTR B7UK23_ECO27 Large ribosomal subunit protein bL36 OS=Escherichia coli O127:H6 (strain E2348/69 / EPEC) OX=574521 GN=rpmJ PE=3 SV=1	Escherichia coli
ECFI10_03210	ECFI10_03210			42.11													identical	P0A7Q6	P0A7Q6	1391	1				strain/isolate=ST93 50S ribosomal protein L36 OS=Escherichia coli (strain K12) OX=83333 GN=rpmJ PE=3 SV=1	Escherichia coli
ECFI19_03221	ECFI19_03221			42.11													identical	P0A7Q6	P0A7Q6	1391	1				strain/isolate=ST1421 50S ribosomal protein L36 OS=Escherichia coli (strain K12) OX=83333 GN=rpmJ PE=3 SV=1	Escherichia coli
ECFI20_03157	ECFI20_03157			42.11													identical	P0A7Q6	P0A7Q6	1391	1				strain/isolate=ST131 50S ribosomal protein L36 OS=Escherichia coli (strain K12) OX=83333 GN=rpmJ PE=3 SV=1	Escherichia coli
ECFI4_02973	ECFI4_02973			42.11													identical	P0A7Q6	P0A7Q6	1391	1				strain/isolate=ST73 50S ribosomal protein L36 OS=Escherichia coli (strain K12) OX=83333 GN=rpmJ PE=3 SV=1	Escherichia coli
UPI000003EAC1	UPI000003EAC1			42.11													identical	P0A7Q6	P0A7Q6	1391	1				"strain/isolate=K-12_MC4100,ATCC_25922,K-12_W3110,NC101,BW25113,K-12_NCM3722 status=active"	Escherichia coli
P75859	P75859	ycbU	C		insufficient evidence	  0.996	  0.000	1		1									P0A870	1434	10				strain/isolate=K-12 UPSP YCBU_ECOLI Uncharacterized fimbrial-like protein YcbU OS=Escherichia coli (strain K12) OX=83333 GN=ycbU PE=2 SV=1	Escherichia coli
UPI00016C6C40	UPI00016C6C40			5.33													indistinguishable	P75859	P0A870	1434	10				strain/isolate=K-12_NCM3722 status=active	Escherichia coli
A0A140NDS2	A0A140NDS2			4.44													identical	P75859	P0A870	1434	10				strain/isolate=BL21 UPTR A0A140NDS2_ECOBD Fimbrial protein OS=Escherichia coli (strain B / BL21-DE3) OX=469008 GN=ECBD_2653 PE=4 SV=1	Escherichia coli
D6I8L1	D6I8L1	ECDG_00775		4.44													identical	P75859	P0A870	1434	10				strain/isolate=B185 UPTR D6I8L1_ECOLX Fimbrial-like protein ycbU OS=Escherichia coli B185 OX=550676 GN=ECDG_00775 PE=4 SV=1	Escherichia coli
ECFI10_00945	ECFI10_00945			4.44													identical	P75859	P0A870	1434	10				strain/isolate=ST93 Fimbrial protein OS=Escherichia coli (strain K12) OX=83333 GN=FAZ83_12240 PE=4 SV=1	Escherichia coli
UPI000013A5B0	UPI000013A5B0			4.44													identical	P75859	P0A870	1434	10				"strain/isolate=BW25113,DH5,K-12_MC4100,K-12_W3110 status=active"	Escherichia coli
A0A0H2Z509	A0A0H2Z509		C		insufficient evidence	  1.000	  0.000	686		2									P0A9M8	1596	5				strain/isolate=APEC UPTR A0A0H2Z509_ECOK1 Uncharacterized protein OS=Escherichia coli O1:K1 / APEC OX=405955 GN=APECO1_2281 PE=4 SV=1	Escherichia coli
P0AAM7	P0AAM7	hybG	C		insufficient evidence	  1.000	  0.000	3		1									P0AAM7	1693	1				strain/isolate=K-12 UPSP HYBG_ECOLI Hydrogenase maturation factor HybG OS=Escherichia coli (strain K12) OX=83333 GN=hybG PE=1 SV=1	Escherichia coli
A0A140N3K3	A0A140N3K3			8.54													identical	P0AAM7	P0AAM7	1693	1				strain/isolate=BL21 UPTR A0A140N3K3_ECOBD Hydrogenase assembly chaperone hypC/hupF OS=Escherichia coli (strain B / BL21-DE3) OX=469008 GN=ECBD_0748 PE=3 SV=1	Escherichia coli
B7UIP3	B7UIP3	hybG		8.54													identical	P0AAM7	P0AAM7	1693	1				strain/isolate=E2348-69 UPTR B7UIP3_ECO27 Hydrogenase 2 accessory protein OS=Escherichia coli O127:H6 (strain E2348/69 / EPEC) OX=574521 GN=hybG PE=3 SV=1	Escherichia coli
D6IDR8	D6IDR8	ECDG_03191		8.54													identical	P0AAM7	P0AAM7	1693	1				strain/isolate=B185 UPTR D6IDR8_ECOLX Hydrogenase assembly chaperone HypC/HupF OS=Escherichia coli B185 OX=550676 GN=ECDG_03191 PE=3 SV=1	Escherichia coli
ECFI10_02910	ECFI10_02910			8.54													identical	P0AAM7	P0AAM7	1693	1				strain/isolate=ST93 Hydrogenase maturation factor HybG OS=Escherichia coli (strain K12) OX=83333 GN=hybG PE=4 SV=1	Escherichia coli
ECFI19_02901	ECFI19_02901			8.54													identical	P0AAM7	P0AAM7	1693	1				strain/isolate=ST1421 Hydrogenase maturation factor HybG OS=Escherichia coli (strain K12) OX=83333 GN=hybG PE=4 SV=1	Escherichia coli
ECFI20_02855	ECFI20_02855			8.54													identical	P0AAM7	P0AAM7	1693	1				strain/isolate=ST131 Hydrogenase maturation factor HybG OS=Escherichia coli (strain K12) OX=83333 GN=hybG PE=4 SV=1	Escherichia coli
ECFI4_02682	ECFI4_02682			8.54													identical	P0AAM7	P0AAM7	1693	1				strain/isolate=ST73 Hydrogenase maturation factor HybG OS=Escherichia coli (strain K12) OX=83333 GN=hybG PE=4 SV=1	Escherichia coli
UPI000012CFDD	UPI000012CFDD			8.54													identical	P0AAM7	P0AAM7	1693	1				"strain/isolate=K-12_W3110,K-12_MC4100,ATCC_25922,NC101,BW25113,DH5,K-12_NCM3722 status=active"	Escherichia coli
P0AAR0	P0AAR0	tomB	C		insufficient evidence	  0.999	  0.000	17		2									P0AAR0	1702	1				strain/isolate=K-12 UPSP TOMB_ECOLI Hha toxicity modulator TomB OS=Escherichia coli (strain K12) OX=83333 GN=tomB PE=1 SV=1	Escherichia coli
A0A140NF90	A0A140NF90			11.29													identical	P0AAR0	P0AAR0	1702	1				strain/isolate=BL21 UPTR A0A140NF90_ECOBD Hha toxicity modulator TomB OS=Escherichia coli (strain B / BL21-DE3) OX=469008 GN=ECBD_3195 PE=4 SV=1	Escherichia coli
B7UKE1	B7UKE1	ybaJ		11.29													identical	P0AAR0	P0AAR0	1702	1				strain/isolate=E2348-69 UPTR B7UKE1_ECO27 Hha toxicity modulator TomB OS=Escherichia coli O127:H6 (strain E2348/69 / EPEC) OX=574521 GN=ybaJ PE=4 SV=1	Escherichia coli
D6I7H4	D6I7H4	ECDG_00257		11.29													identical	P0AAR0	P0AAR0	1702	1				strain/isolate=B185 UPTR D6I7H4_ECOLX YbaJ protein OS=Escherichia coli B185 OX=550676 GN=ECDG_00257 PE=4 SV=1	Escherichia coli
ECFI10_00458	ECFI10_00458			11.29													identical	P0AAR0	P0AAR0	1702	1				strain/isolate=ST93 Hha toxicity modulator TomB OS=Escherichia coli (strain K12) OX=83333 GN=tomB PE=4 SV=1	Escherichia coli
ECFI19_00434	ECFI19_00434			11.29													identical	P0AAR0	P0AAR0	1702	1				strain/isolate=ST1421 Hha toxicity modulator TomB OS=Escherichia coli (strain K12) OX=83333 GN=tomB PE=4 SV=1	Escherichia coli
ECFI20_00439	ECFI20_00439			11.29													identical	P0AAR0	P0AAR0	1702	1				strain/isolate=ST131 Hha toxicity modulator TomB OS=Escherichia coli (strain K12) OX=83333 GN=tomB PE=4 SV=1	Escherichia coli
ECFI4_00422	ECFI4_00422			11.29													identical	P0AAR0	P0AAR0	1702	1				strain/isolate=ST73 Hha toxicity modulator TomB OS=Escherichia coli (strain K12) OX=83333 GN=tomB PE=4 SV=1	Escherichia coli
UPI000013A2B2	UPI000013A2B2			11.29													identical	P0AAR0	P0AAR0	1702	1				"strain/isolate=K-12_NCM3722,DH5,NC101,BW25113,ATCC_25922,K-12_MC4100,K-12_W3110 status=active"	Escherichia coli
P0AAR5	P0AAR5	ybaN	C		insufficient evidence	  0.999	  0.000	8		1									P0AAR5	1704	2				strain/isolate=K-12 UPSP YBAN_ECOLI Inner membrane protein YbaN OS=Escherichia coli (strain K12) OX=83333 GN=ybaN PE=1 SV=1	Escherichia coli
B7UKE8	B7UKE8	ybaN		6.4													identical	A0A0H2YWJ0	P0AAR5	1704	2				strain/isolate=E2348-69 UPTR B7UKE8_ECO27 Inner membrane protein OS=Escherichia coli O127:H6 (strain E2348/69 / EPEC) OX=574521 GN=ybaN PE=4 SV=1	Escherichia coli
ECFI20_00446	ECFI20_00446			6.4													identical	A0A0H2YWJ0	P0AAR5	1704	2				strain/isolate=ST131 DUF454 family protein OS=Escherichia coli (strain K12) OX=83333 GN=FAZ83_16920 PE=4 SV=1	Escherichia coli
ECFI4_00429	ECFI4_00429			6.4													identical	A0A0H2YWJ0	P0AAR5	1704	2				strain/isolate=ST73 DUF454 family protein OS=Escherichia coli (strain K12) OX=83333 GN=FAZ83_16920 PE=4 SV=1	Escherichia coli
UPI00000DE81B	UPI00000DE81B			6.4													identical	A0A0H2YWJ0	P0AAR5	1704	2				"strain/isolate=NC101,ATCC_25922 status=active"	Escherichia coli
A0A0H2YWJ0	A0A0H2YWJ0			6.4													indistinguishable	P0AAR5	P0AAR5	1704	2				strain/isolate=APEC UPTR A0A0H2YWJ0_ECOK1 Inner membrane protein OS=Escherichia coli O1:K1 / APEC OX=405955 GN=ybaN PE=4 SV=1	Escherichia coli
A0A140NC52	A0A140NC52			6.4													identical	P0AAR5	P0AAR5	1704	2				strain/isolate=BL21 UPTR A0A140NC52_ECOBD Inner membrane protein OS=Escherichia coli (strain B / BL21-DE3) OX=469008 GN=ECBD_3188 PE=4 SV=1	Escherichia coli
D6I7I1	D6I7I1	ECDG_00264		6.4													identical	P0AAR5	P0AAR5	1704	2				strain/isolate=B185 UPTR D6I7I1_ECOLX Inner membrane protein OS=Escherichia coli B185 OX=550676 GN=ECDG_00264 PE=4 SV=1	Escherichia coli
ECFI10_00465	ECFI10_00465			6.4													identical	P0AAR5	P0AAR5	1704	2				strain/isolate=ST93 DUF454 family protein OS=Escherichia coli (strain K12) OX=83333 GN=FAZ83_16920 PE=4 SV=1	Escherichia coli
ECFI19_00441	ECFI19_00441			6.4													identical	P0AAR5	P0AAR5	1704	2				strain/isolate=ST1421 DUF454 family protein OS=Escherichia coli (strain K12) OX=83333 GN=FAZ83_16920 PE=4 SV=1	Escherichia coli
UPI000013A2B8	UPI000013A2B8			6.4													identical	P0AAR5	P0AAR5	1704	2				"strain/isolate=K-12_W3110,DH5,K-12_MC4100,K-12_NCM3722,BW25113 status=active"	Escherichia coli
P0ADM0	P0ADM0	yidH	C		insufficient evidence	  0.999	  0.000	23		1									P0ADM0	2006	4				strain/isolate=K-12 UPSP YIDH_ECOLI Inner membrane protein YidH OS=Escherichia coli (strain K12) OX=83333 GN=yidH PE=1 SV=1	Escherichia coli
ECFI10_03603	ECFI10_03603			6.96													identical	A0A140N410	P0ADM0	2006	4				strain/isolate=ST93 DUF202 domain-containing protein OS=Escherichia coli (strain K12) OX=83333 GN=FAZ83_13275 PE=4 SV=1	Escherichia coli
A0A0H2Z4K3	A0A0H2Z4K3			5.93													indistinguishable	P0ADM0	P0ADM0	2006	4				strain/isolate=APEC UPTR A0A0H2Z4K3_ECOK1 DUF202 domain-containing protein OS=Escherichia coli O1:K1 / APEC OX=405955 GN=yidH PE=4 SV=1	Escherichia coli
A0A140N410	A0A140N410			6.96													indistinguishable	P0ADM0	P0ADM0	2006	4				strain/isolate=BL21 UPTR A0A140N410_ECOBD DUF202 domain-containing protein OS=Escherichia coli (strain B / BL21-DE3) OX=469008 GN=ECBD_0026 PE=4 SV=1	Escherichia coli
ECFI20_03530	ECFI20_03530			6.96													indistinguishable	P0ADM0	P0ADM0	2006	4				strain/isolate=ST131 DUF202 domain-containing protein OS=Escherichia coli (strain K12) OX=83333 GN=FAZ83_13275 PE=4 SV=1	Escherichia coli
B7UME8	B7UME8	yidH		6.96													identical	P0ADM0	P0ADM0	2006	4				strain/isolate=E2348-69 UPTR B7UME8_ECO27 Conserved predicted inner membrane protein OS=Escherichia coli O127:H6 (strain E2348/69 / EPEC) OX=574521 GN=yidH PE=4 SV=1	Escherichia coli
D6IFS8	D6IFS8	ECDG_04308		6.96													identical	P0ADM0	P0ADM0	2006	4				strain/isolate=B185 UPTR D6IFS8_ECOLX Membrane protein OS=Escherichia coli B185 OX=550676 GN=ECDG_04308 PE=4 SV=1	Escherichia coli
ECFI19_03615	ECFI19_03615			6.96													identical	P0ADM0	P0ADM0	2006	4				strain/isolate=ST1421 DUF202 domain-containing protein OS=Escherichia coli (strain K12) OX=83333 GN=FAZ83_13275 PE=4 SV=1	Escherichia coli
ECFI4_03332	ECFI4_03332			6.96													identical	P0ADM0	P0ADM0	2006	4				strain/isolate=ST73 DUF202 domain-containing protein OS=Escherichia coli (strain K12) OX=83333 GN=FAZ83_13275 PE=4 SV=1	Escherichia coli
UPI000013B3B2	UPI000013B3B2			6.96													identical	P0ADM0	P0ADM0	2006	4				"strain/isolate=NC101,BW25113,ATCC_25922,K-12_MC4100,K-12_W3110,K-12_NCM3722,DH5 status=active"	Escherichia coli
P0DSF4	P0DSF4	ynfU	C		insufficient evidence	  0.999	  0.000	2		1									P0DSF4	2403	1				strain/isolate=K-12 UPSP YNFU_ECOLI Putative zinc-binding protein YnfU OS=Escherichia coli (strain K12) OX=83333 GN=ynfU PE=1 SV=1	Escherichia coli
A5A630	A5A630	ytcA	C		insufficient evidence	  1.000	  0.000	74		1									P24169	2665	30				strain/isolate=K-12 UPSP YTCA_ECOLI Uncharacterized protein YtcA OS=Escherichia coli (strain K12) OX=83333 GN=ytcA PE=3 SV=1	Escherichia coli
ECFI4_03746	ECFI4_03746			7.69													identical	A1AIS9	P24169	2665	30				strain/isolate=ST73 Uncharacterized protein OS=Escherichia coli (strain K12) OX=83333 GN=FAZ83_09480 PE=4 SV=1	Escherichia coli
UPI0000E4523E	UPI0000E4523E			7.69													identical	A1AIS9	P24169	2665	30				"strain/isolate=ATCC_25922,NC101 status=active"	Escherichia coli
A1AIS9	A1AIS9	ytcA		7.69													indistinguishable	A5A630	P24169	2665	30				strain/isolate=APEC UPSP YTCA_ECOK1 Uncharacterized protein YtcA OS=Escherichia coli O1:K1 / APEC OX=405955 GN=ytcA PE=3 SV=1	Escherichia coli
B7UPQ6	B7UPQ6	ytcA		7.69													indistinguishable	A5A630	P24169	2665	30				strain/isolate=E2348-69 UPTR B7UPQ6_ECO27 Uncharacterized protein YtcA OS=Escherichia coli O127:H6 (strain E2348/69 / EPEC) OX=574521 GN=ytcA PE=3 SV=1	Escherichia coli
D6IH22	D6IH22	ECDG_02503		7.69													indistinguishable	A5A630	P24169	2665	30				strain/isolate=B185 UPTR D6IH22_ECOLX Uncharacterized protein YtcA OS=Escherichia coli B185 OX=550676 GN=ECDG_02503 PE=3 SV=1	Escherichia coli
ECFI19_04047	ECFI19_04047			7.69													indistinguishable	A5A630	P24169	2665	30				strain/isolate=ST1421 Uncharacterized protein OS=Escherichia coli (strain K12) OX=83333 GN=FAZ83_09480 PE=4 SV=1	Escherichia coli
ECFI20_03952	ECFI20_03952			7.69													indistinguishable	A5A630	P24169	2665	30				strain/isolate=ST131 Uncharacterized protein OS=Escherichia coli (strain K12) OX=83333 GN=FAZ83_09480 PE=4 SV=1	Escherichia coli
A0A140NET6	A0A140NET6			7.69													identical	A5A630	P24169	2665	30				strain/isolate=BL21 UPTR A0A140NET6_ECOBD Uncharacterized protein YtcA OS=Escherichia coli (strain B / BL21-DE3) OX=469008 GN=ECBD_3948 PE=3 SV=1	Escherichia coli
ECFI10_04047	ECFI10_04047			7.69													identical	A5A630	P24169	2665	30				strain/isolate=ST93 Uncharacterized protein OS=Escherichia coli (strain K12) OX=83333 GN=FAZ83_09480 PE=4 SV=1	Escherichia coli
UPI0001505B9C	UPI0001505B9C			7.69													identical	A5A630	P24169	2665	30				"strain/isolate=BW25113,K-12_NCM3722,DH5,K-12_MC4100,K-12_W3110 status=active"	Escherichia coli
P26458	P26458	appB	C		insufficient evidence	  1.000	  0.000	10		3									P26458	2735	5				strain/isolate=K-12 UPSP APPB_ECOLI Cytochrome bd-II ubiquinol oxidase subunit 2 OS=Escherichia coli (strain K12) OX=83333 GN=appB PE=1 SV=2	Escherichia coli
UPI00000DE984	UPI00000DE984			5.82													identical	ECFI4_00894	P26458	2735	5				strain/isolate=ATCC_25922 status=active	Escherichia coli
A0A0H2YXG7	A0A0H2YXG7			5.82													indistinguishable	P26458	P26458	2735	5				"strain/isolate=APEC UPTR A0A0H2YXG7_ECOK1 Cytochrome bd-II oxidase, subunit II OS=Escherichia coli O1:K1 / APEC OX=405955 GN=appB PE=3 SV=1"	Escherichia coli
D6I8P5	D6I8P5	ECDG_00810		5.82													indistinguishable	P26458	P26458	2735	5				strain/isolate=B185 UPTR D6I8P5_ECOLX Cytochrome d ubiquinol oxidase OS=Escherichia coli B185 OX=550676 GN=ECDG_00810 PE=3 SV=1	Escherichia coli
ECFI4_00894	ECFI4_00894			5.82													indistinguishable	P26458	P26458	2735	5				strain/isolate=ST73 Cytochrome d ubiquinol oxidase subunit II OS=Escherichia coli (strain K12) OX=83333 GN=FAZ83_12055 PE=4 SV=1	Escherichia coli
UPI0001E17A01	UPI0001E17A01			5.82													indistinguishable	P26458	P26458	2735	5				strain/isolate=NC101 status=active	Escherichia coli
A0A140NAJ2	A0A140NAJ2			5.82													identical	P26458	P26458	2735	5				"strain/isolate=BL21 UPTR A0A140NAJ2_ECOBD Cytochrome d ubiquinol oxidase, subunit II OS=Escherichia coli (strain B / BL21-DE3) OX=469008 GN=ECBD_2616 PE=3 SV=1"	Escherichia coli
B7UN57	B7UN57	appB		5.82													identical	P26458	P26458	2735	5				"strain/isolate=E2348-69 UPTR B7UN57_ECO27 Cytochrome bd-II oxidase, subunit II OS=Escherichia coli O127:H6 (strain E2348/69 / EPEC) OX=574521 GN=appB PE=3 SV=1"	Escherichia coli
ECFI10_00983	ECFI10_00983			5.82													identical	P26458	P26458	2735	5				strain/isolate=ST93 Cytochrome d ubiquinol oxidase subunit II OS=Escherichia coli (strain K12) OX=83333 GN=FAZ83_12055 PE=4 SV=1	Escherichia coli
ECFI19_00951	ECFI19_00951			5.82													identical	P26458	P26458	2735	5				strain/isolate=ST1421 Cytochrome d ubiquinol oxidase subunit II OS=Escherichia coli (strain K12) OX=83333 GN=FAZ83_12055 PE=4 SV=1	Escherichia coli
ECFI20_00958	ECFI20_00958			5.82													identical	P26458	P26458	2735	5				strain/isolate=ST131 Cytochrome d ubiquinol oxidase subunit II OS=Escherichia coli (strain K12) OX=83333 GN=FAZ83_12055 PE=4 SV=1	Escherichia coli
UPI0000125CB0	UPI0000125CB0			5.82													identical	P26458	P26458	2735	5				"strain/isolate=K-12_MC4100,DH5,K-12_W3110,BW25113,K-12_NCM3722 status=active"	Escherichia coli
P27253	P27253	scpA	C		insufficient evidence	  1.000	  0.000	1		1									P27253	2760	7				strain/isolate=K-12 UPSP SCPA_ECOLI Methylmalonyl-CoA mutase OS=Escherichia coli (strain K12) OX=83333 GN=scpA PE=1 SV=2	Escherichia coli
UPI00000DEFC0	UPI00000DEFC0			2.28													identical	A0A0H2Z2N0	P27253	2760	7				strain/isolate=ATCC_25922 status=active	Escherichia coli
A0A0H2Z2N0	A0A0H2Z2N0			2.28													indistinguishable	P27253	P27253	2760	7				strain/isolate=APEC UPTR A0A0H2Z2N0_ECOK1 methylmalonyl-CoA mutase OS=Escherichia coli O1:K1 / APEC OX=405955 GN=APECO1_3613 PE=4 SV=1	Escherichia coli
D6ID06	D6ID06	ECDG_03775		1.12													indistinguishable	P27253	P27253	2760	7				strain/isolate=B185 UPTR D6ID06_ECOLX Msm methylmalonyl-CoA mutase OS=Escherichia coli B185 OX=550676 GN=ECDG_03775 PE=4 SV=1	Escherichia coli
ECFI20_02779	ECFI20_02779			4.15													indistinguishable	P27253	P27253	2760	7				strain/isolate=ST131 Methylmalonyl-CoA mutase OS=Escherichia coli (strain K12) OX=83333 GN=scpA PE=4 SV=1	Escherichia coli
ECFI4_02613	ECFI4_02613			4.12													indistinguishable	P27253	P27253	2760	7				strain/isolate=ST73 Methylmalonyl-CoA mutase OS=Escherichia coli (strain K12) OX=83333 GN=scpA PE=4 SV=1	Escherichia coli
UPI00001355A0	UPI00001355A0			1.12													indistinguishable	P27253	P27253	2760	7				strain/isolate=DH5 status=active	Escherichia coli
UPI000191E81B	UPI000191E81B			2.31													indistinguishable	P27253	P27253	2760	7				strain/isolate=NC101 status=active	Escherichia coli
A0A140N835	A0A140N835			1.12													identical	P27253	P27253	2760	7				strain/isolate=BL21 UPTR A0A140N835_ECOBD methylmalonyl-CoA mutase OS=Escherichia coli (strain B / BL21-DE3) OX=469008 GN=ECBD_0821 PE=3 SV=1	Escherichia coli
ECFI10_02836	ECFI10_02836			1.12													identical	P27253	P27253	2760	7				strain/isolate=ST93 Methylmalonyl-CoA mutase OS=Escherichia coli (strain K12) OX=83333 GN=scpA PE=4 SV=1	Escherichia coli
ECFI19_02830	ECFI19_02830			1.12													identical	P27253	P27253	2760	7				strain/isolate=ST1421 Methylmalonyl-CoA mutase OS=Escherichia coli (strain K12) OX=83333 GN=scpA PE=4 SV=1	Escherichia coli
UPI0000168174	UPI0000168174			1.12													identical	P27253	P27253	2760	7				"strain/isolate=K-12_MC4100,K-12_W3110,BW25113,K-12_NCM3722 status=active"	Escherichia coli
P31474	P31474	hsrA	C		insufficient evidence	  1.000	  0.000	2		1									P31474	2891	7				strain/isolate=K-12 UPSP HSRA_ECOLI Probable transport protein HsrA OS=Escherichia coli (strain K12) OX=83333 GN=hsrA PE=1 SV=1	Escherichia coli
UPI00000DF2B5	UPI00000DF2B5			1.68													identical	ECFI4_03407	P31474	2891	7				"strain/isolate=ATCC_25922,NC101 status=active"	Escherichia coli
A0A0H2Z493	A0A0H2Z493			1.68													indistinguishable	P31474	P31474	2891	7				strain/isolate=APEC UPTR A0A0H2Z493_ECOK1 Transport protein YieO OS=Escherichia coli O1:K1 / APEC OX=405955 GN=yieO PE=4 SV=1	Escherichia coli
B7UML9	B7UML9	hsrA		1.68													indistinguishable	P31474	P31474	2891	7				strain/isolate=E2348-69 UPTR B7UML9_ECO27 Predicted multidrug or homocysteine efflux system protein HsrA OS=Escherichia coli O127:H6 (strain E2348/69 / EPEC) OX=574521 GN=hsrA PE=4 SV=1	Escherichia coli
D6IFZ8	D6IFZ8	ECDG_04380		1.68													indistinguishable	P31474	P31474	2891	7				strain/isolate=B185 UPTR D6IFZ8_ECOLX Transporter hsrA OS=Escherichia coli B185 OX=550676 GN=ECDG_04380 PE=4 SV=1	Escherichia coli
ECFI19_03690	ECFI19_03690			1.68													indistinguishable	P31474	P31474	2891	7				strain/isolate=ST1421 DHA2 family efflux MFS transporter permease subunit OS=Escherichia coli (strain K12) OX=83333 GN=FAZ83_25095 PE=4 SV=1	Escherichia coli
ECFI20_03608	ECFI20_03608			1.68													indistinguishable	P31474	P31474	2891	7				strain/isolate=ST131 DHA2 family efflux MFS transporter permease subunit OS=Escherichia coli (strain K12) OX=83333 GN=FAZ83_25095 PE=4 SV=1	Escherichia coli
ECFI4_03407	ECFI4_03407			1.68													indistinguishable	P31474	P31474	2891	7				strain/isolate=ST73 DHA2 family efflux MFS transporter permease subunit OS=Escherichia coli (strain K12) OX=83333 GN=FAZ83_25095 PE=4 SV=1	Escherichia coli
A0A140NFR5	A0A140NFR5			1.68													identical	P31474	P31474	2891	7				"strain/isolate=BL21 UPTR A0A140NFR5_ECOBD Drug resistance transporter, EmrB/QacA subfamily OS=Escherichia coli (strain B / BL21-DE3) OX=469008 GN=ECBD_4276 PE=4 SV=1"	Escherichia coli
ECFI10_03676	ECFI10_03676			1.68													identical	P31474	P31474	2891	7				strain/isolate=ST93 DHA2 family efflux MFS transporter permease subunit OS=Escherichia coli (strain K12) OX=83333 GN=FAZ83_25095 PE=4 SV=1	Escherichia coli
UPI000013B3CE	UPI000013B3CE			1.68													identical	P31474	P31474	2891	7				"strain/isolate=DH5,K-12_MC4100,K-12_W3110,BW25113,K-12_NCM3722 status=active"	Escherichia coli
P39344	P39344	idnT	C		insufficient evidence	  0.999	  0.000	12		1									P39344	3269	3				strain/isolate=K-12 UPSP IDNT_ECOLI Gnt-II system L-idonate transporter OS=Escherichia coli (strain K12) OX=83333 GN=idnT PE=1 SV=1	Escherichia coli
ECFI4_03928	ECFI4_03928			1.59													identical	A0A0H2Z5E7	P39344	3269	3				strain/isolate=ST73 Gnt-II system L-idonate transporter OS=Escherichia coli (strain K12) OX=83333 GN=idnT PE=4 SV=1	Escherichia coli
A0A0H2Z5E7	A0A0H2Z5E7			1.59													indistinguishable	P39344	P39344	3269	3				strain/isolate=APEC UPTR A0A0H2Z5E7_ECOK1 L-idonate and D-gluconate transporter OS=Escherichia coli O1:K1 / APEC OX=405955 GN=idnT PE=4 SV=1	Escherichia coli
A0A140NDP1	A0A140NDP1			1.59													indistinguishable	P39344	P39344	3269	3				strain/isolate=BL21 UPTR A0A140NDP1_ECOBD Gluconate transporter OS=Escherichia coli (strain B / BL21-DE3) OX=469008 GN=ECBD_3771 PE=4 SV=1	Escherichia coli
ECFI10_04238	ECFI10_04238			1.59													identical	P39344	P39344	3269	3				strain/isolate=ST93 Gnt-II system L-idonate transporter OS=Escherichia coli (strain K12) OX=83333 GN=idnT PE=4 SV=1	Escherichia coli
UPI000012D20E	UPI000012D20E			1.59													identical	P39344	P39344	3269	3				"strain/isolate=DH5,K-12_MC4100,K-12_W3110,BW25113,K-12_NCM3722 status=active"	Escherichia coli
P39352	P39352	yjhB	C		insufficient evidence	  1.000	  0.000	2		1									P39352	3273	1				strain/isolate=K-12 UPSP YJHB_ECOLI Putative metabolite transport protein YjhB OS=Escherichia coli (strain K12) OX=83333 GN=yjhB PE=1 SV=2	Escherichia coli
A0A140NG99	A0A140NG99			1.98													identical	P39352	P39352	3273	1				strain/isolate=BL21 UPTR A0A140NG99_ECOBD General substrate transporter OS=Escherichia coli (strain B / BL21-DE3) OX=469008 GN=ECBD_3763 PE=4 SV=1	Escherichia coli
UPI000013B597	UPI000013B597			1.98													identical	P39352	P39352	3273	1				"strain/isolate=K-12_NCM3722,BW25113,K-12_W3110,K-12_MC4100,DH5 status=active"	Escherichia coli
P42915	P42915	yraJ	C		insufficient evidence	  0.998	  0.000	1		1									P42915	3360	4				strain/isolate=K-12 UPSP YRAJ_ECOLI Outer membrane usher protein YraJ OS=Escherichia coli (strain K12) OX=83333 GN=yraJ PE=2 SV=1	Escherichia coli
ECFI10_03050	ECFI10_03050			0.95													identical	A0A140N5H7	P42915	3360	4				strain/isolate=ST93 Fimbrial biogenesis outer membrane usher protein OS=Escherichia coli (strain K12) OX=83333 GN=FAZ83_12250 PE=4 SV=1	Escherichia coli
A0A140N5H7	A0A140N5H7			0.95													indistinguishable	P42915	P42915	3360	4				strain/isolate=BL21 UPTR A0A140N5H7_ECOBD Fimbrial biogenesis outer membrane usher protein OS=Escherichia coli (strain B / BL21-DE3) OX=469008 GN=ECBD_0596 PE=3 SV=1	Escherichia coli
D6IE61	D6IE61	ECDG_03336		0.93													indistinguishable	P42915	P42915	3360	4				strain/isolate=B185 UPTR D6IE61_ECOLX Outer membrane usher protein OS=Escherichia coli B185 OX=550676 GN=ECDG_03336 PE=3 SV=1	Escherichia coli
UPI0001DBD8A3	UPI0001DBD8A3			0.98													indistinguishable	P42915	P42915	3360	4				strain/isolate=DH5 status=active	Escherichia coli
ECFI19_03057	ECFI19_03057			0.95													identical	P42915	P42915	3360	4				strain/isolate=ST1421 Fimbrial biogenesis outer membrane usher protein OS=Escherichia coli (strain K12) OX=83333 GN=FAZ83_12250 PE=4 SV=1	Escherichia coli
UPI000013BF91	UPI000013BF91			0.95													identical	P42915	P42915	3360	4				"strain/isolate=K-12_W3110,K-12_MC4100,K-12_NCM3722,BW25113 status=active"	Escherichia coli
P45539	P45539	frlA	C		insufficient evidence	  0.999	  0.000	3		2									P45539	3395	3				strain/isolate=K-12 UPSP FRLA_ECOLI Probable fructoselysine/psicoselysine transporter FrlA OS=Escherichia coli (strain K12) OX=83333 GN=frlA PE=2 SV=2	Escherichia coli
ECFI19_03294	ECFI19_03294			3.6													indistinguishable	P45539	P45539	3395	3				strain/isolate=ST1421 fructoselysine / psicoselysine transporter	Escherichia coli
UPI00001681AC	UPI00001681AC			3.46													indistinguishable	P45539	P45539	3395	3				"strain/isolate=DH5,K-12_W3110 status=active"	Escherichia coli
A0A140N6U0	A0A140N6U0			3.6													identical	P45539	P45539	3395	3				strain/isolate=BL21 UPTR A0A140N6U0_ECOBD Amino acid permease-associated region OS=Escherichia coli (strain B / BL21-DE3) OX=469008 GN=ECBD_0378 PE=4 SV=1	Escherichia coli
ECFI10_03283	ECFI10_03283			3.6													identical	P45539	P45539	3395	3				strain/isolate=ST93 fructoselysine / psicoselysine transporter	Escherichia coli
UPI000013B225	UPI000013B225			3.6													identical	P45539	P45539	3395	3				"strain/isolate=K-12_MC4100,K-12_NCM3722,BW25113 status=active"	Escherichia coli
P45756	P45756	gspA	C		insufficient evidence	  1.000	  0.000	9		1									P45756	3414	5				strain/isolate=K-12 UPSP GSPA_ECOLI Putative general secretion pathway protein A OS=Escherichia coli (strain K12) OX=83333 GN=gspA PE=2 SV=1	Escherichia coli
UPI00000DF138	UPI00000DF138			1.43													identical	ECFI4_02997	P45756	3414	5				strain/isolate=ATCC_25922 status=active	Escherichia coli
A0A140N6Y3	A0A140N6Y3			1.43													indistinguishable	P45756	P45756	3414	5				strain/isolate=BL21 UPTR A0A140N6Y3_ECOBD Peptidoglycan-binding domain 1 protein OS=Escherichia coli (strain B / BL21-DE3) OX=469008 GN=ECBD_0428 PE=4 SV=1	Escherichia coli
ECFI20_03182	ECFI20_03182			1.43													indistinguishable	P45756	P45756	3414	5				"strain/isolate=ST131 general secretory pathway component, cryptic"	Escherichia coli
ECFI4_02997	ECFI4_02997			1.43													indistinguishable	P45756	P45756	3414	5				"strain/isolate=ST73 general secretory pathway component, cryptic"	Escherichia coli
UPI0001E1822A	UPI0001E1822A			1.43													indistinguishable	P45756	P45756	3414	5				strain/isolate=NC101 status=active	Escherichia coli
ECFI10_03234	ECFI10_03234			1.43													identical	P45756	P45756	3414	5				"strain/isolate=ST93 general secretory pathway component, cryptic"	Escherichia coli
ECFI19_03245	ECFI19_03245			1.43													identical	P45756	P45756	3414	5				"strain/isolate=ST1421 general secretory pathway component, cryptic"	Escherichia coli
UPI000012BC19	UPI000012BC19			1.43													identical	P45756	P45756	3414	5				"strain/isolate=BW25113,K-12_NCM3722,DH5,K-12_MC4100,K-12_W3110 status=active"	Escherichia coli
P52128	P52128	yfjM	C		insufficient evidence	  1.000	  0.000	1		1									P52128	3491	1				strain/isolate=K-12 UPSP YFJM_ECOLI Uncharacterized protein YfjM OS=Escherichia coli (strain K12) OX=83333 GN=yfjM PE=4 SV=1	Escherichia coli
UPI000013AECB	UPI000013AECB			9.2													identical	P52128	P52128	3491	1				"strain/isolate=BW25113,K-12_NCM3722,K-12_MC4100,DH5,K-12_W3110 status=active"	Escherichia coli
P60778	P60778	tsgA	C		insufficient evidence	  0.990	  0.000	1		1									P60778	3547	3				strain/isolate=K-12 UPSP TSGA_ECOLI Protein TsgA OS=Escherichia coli (strain K12) OX=83333 GN=tsgA PE=1 SV=1	Escherichia coli
ECFI10_03277	ECFI10_03277			2.04													identical	A0A140N7E2	P60778	3547	3				strain/isolate=ST93 MFS transporter TsgA OS=Escherichia coli (strain K12) OX=83333 GN=tsgA PE=3 SV=1	Escherichia coli
A0A140N7E2	A0A140N7E2			2.04													indistinguishable	P60778	P60778	3547	3				strain/isolate=BL21 UPTR A0A140N7E2_ECOBD Protein TsgA OS=Escherichia coli (strain B / BL21-DE3) OX=469008 GN=tsgA PE=3 SV=1	Escherichia coli
D6IEQ0	D6IEQ0	tsgA		2.04													indistinguishable	P60778	P60778	3547	3				strain/isolate=B185 UPTR D6IEQ0_ECOLX Protein TsgA OS=Escherichia coli B185 OX=550676 GN=tsgA PE=3 SV=1	Escherichia coli
A1AGP8	A1AGP8	tsgA		2.04													identical	P60778	P60778	3547	3				strain/isolate=APEC UPSP TSGA_ECOK1 Protein TsgA OS=Escherichia coli O1:K1 / APEC OX=405955 GN=tsgA PE=3 SV=1	Escherichia coli
B7UK75	B7UK75	tsgA		2.04													identical	P60778	P60778	3547	3				strain/isolate=E2348-69 UPSP TSGA_ECO27 Protein TsgA OS=Escherichia coli O127:H6 (strain E2348/69 / EPEC) OX=574521 GN=tsgA PE=3 SV=1	Escherichia coli
ECFI19_03288	ECFI19_03288			2.04													identical	P60778	P60778	3547	3				strain/isolate=ST1421 MFS transporter TsgA OS=Escherichia coli (strain K12) OX=83333 GN=tsgA PE=3 SV=1	Escherichia coli
ECFI20_03227	ECFI20_03227			2.04													identical	P60778	P60778	3547	3				strain/isolate=ST131 MFS transporter TsgA OS=Escherichia coli (strain K12) OX=83333 GN=tsgA PE=3 SV=1	Escherichia coli
ECFI4_03039	ECFI4_03039			2.04													identical	P60778	P60778	3547	3				strain/isolate=ST73 MFS transporter TsgA OS=Escherichia coli (strain K12) OX=83333 GN=tsgA PE=3 SV=1	Escherichia coli
UPI000013774C	UPI000013774C			2.04													identical	P60778	P60778	3547	3				"strain/isolate=K-12_W3110,K-12_MC4100,ATCC_25922,BW25113,NC101,DH5,K-12_NCM3722 status=active"	Escherichia coli
P69826	P69826	cmtA	C		insufficient evidence	  0.967	  0.000	5		1									P69826	3729	7				strain/isolate=K-12 UPSP PTMCB_ECOLI PTS system mannitol-specific cryptic EIICB component OS=Escherichia coli (strain K12) OX=83333 GN=cmtA PE=3 SV=1	Escherichia coli
A0A0H2Z2F7	A0A0H2Z2F7			1.73													indistinguishable	P69826	P69826	3729	7				strain/isolate=APEC UPTR A0A0H2Z2F7_ECOK1 protein-N(pi)-phosphohistidine--D-mannitol phosphotransferase OS=Escherichia coli O1:K1 / APEC OX=405955 GN=cmtA PE=4 SV=1	Escherichia coli
B7UHX8	B7UHX8	cmtA		1.73													indistinguishable	P69826	P69826	3729	7				strain/isolate=E2348-69 UPTR B7UHX8_ECO27 protein-N(pi)-phosphohistidine--D-mannitol phosphotransferase OS=Escherichia coli O127:H6 (strain E2348/69 / EPEC) OX=574521 GN=cmtA PE=4 SV=1	Escherichia coli
D6ID28	D6ID28	ECDG_03797		1.73													indistinguishable	P69826	P69826	3729	7				strain/isolate=B185 UPTR D6ID28_ECOLX protein-N(pi)-phosphohistidine--D-mannitol phosphotransferase OS=Escherichia coli B185 OX=550676 GN=ECDG_03797 PE=4 SV=1	Escherichia coli
ECFI20_02793	ECFI20_02793			1.73													indistinguishable	P69826	P69826	3729	7				strain/isolate=ST131 PTS mannitol transporter subunit IICB OS=Escherichia coli (strain K12) OX=83333 GN=FAZ83_06070 PE=4 SV=1	Escherichia coli
ECFI4_02626	ECFI4_02626			1.73													indistinguishable	P69826	P69826	3729	7				strain/isolate=ST73 PTS mannitol transporter subunit IICB OS=Escherichia coli (strain K12) OX=83333 GN=FAZ83_06070 PE=4 SV=1	Escherichia coli
UPI0000DACFB3	UPI0000DACFB3			1.73													indistinguishable	P69826	P69826	3729	7				"strain/isolate=ATCC_25922,NC101 status=active"	Escherichia coli
A0A140N6A6	A0A140N6A6			1.73													identical	P69826	P69826	3729	7				strain/isolate=BL21 UPTR A0A140N6A6_ECOBD protein-N(pi)-phosphohistidine--D-mannitol phosphotransferase OS=Escherichia coli (strain B / BL21-DE3) OX=469008 GN=ECBD_0806 PE=4 SV=1	Escherichia coli
ECFI10_02852	ECFI10_02852			1.73													identical	P69826	P69826	3729	7				strain/isolate=ST93 PTS mannitol transporter subunit IICB OS=Escherichia coli (strain K12) OX=83333 GN=FAZ83_06070 PE=4 SV=1	Escherichia coli
UPI00001329E7	UPI00001329E7			1.73													identical	P69826	P69826	3729	7				"strain/isolate=K-12_W3110,DH5,K-12_MC4100,K-12_NCM3722,BW25113 status=active"	Escherichia coli
P75747	P75747	abrB	C		insufficient evidence	  0.994	  0.000	1		1									P75747	3783	6				strain/isolate=K-12 UPSP ABRB_ECOLI Putative regulator AbrB OS=Escherichia coli (strain K12) OX=83333 GN=abrB PE=3 SV=2	Escherichia coli
ECFI10_00702	ECFI10_00702			2.3													identical	A0A140NE09	P75747	3783	6				strain/isolate=ST93 AbrB family transcriptional regulator OS=Escherichia coli (strain K12) OX=83333 GN=FAZ83_17650 PE=4 SV=1	Escherichia coli
ECFI19_00677	ECFI19_00677			2.3													identical	A0A140NE09	P75747	3783	6				strain/isolate=ST1421 AbrB family transcriptional regulator OS=Escherichia coli (strain K12) OX=83333 GN=FAZ83_17650 PE=4 SV=1	Escherichia coli
A0A140NE09	A0A140NE09			2.3													indistinguishable	P75747	P75747	3783	6				strain/isolate=BL21 UPTR A0A140NE09_ECOBD Membrane protein AbrB duplication OS=Escherichia coli (strain B / BL21-DE3) OX=469008 GN=ECBD_2946 PE=4 SV=1	Escherichia coli
UPI0000125161	UPI0000125161			2.3													identical	P75747	P75747	3783	6				"strain/isolate=BW25113,K-12_NCM3722,K-12_MC4100,DH5,K-12_W3110 status=active"	Escherichia coli
P76091	P76091	ynbB	C		insufficient evidence	  1.000	  0.000	3		1									P76091	3933	2				strain/isolate=K-12 UPSP YNBB_ECOLI Uncharacterized protein YnbB OS=Escherichia coli (strain K12) OX=83333 GN=ynbB PE=3 SV=1	Escherichia coli
A0A140N886	A0A140N886			2.68													indistinguishable	P76091	P76091	3933	2				strain/isolate=BL21 UPTR A0A140N886_ECOBD Phosphatidate cytidylyltransferase OS=Escherichia coli (strain B / BL21-DE3) OX=469008 GN=ECBD_2231 PE=3 SV=1	Escherichia coli
ECFI19_01372	ECFI19_01372			2.68													identical	P76091	P76091	3933	2				strain/isolate=ST1421 predicted CDP-diglyceride synthase	Escherichia coli
UPI000013BAE7	UPI000013BAE7			2.68													identical	P76091	P76091	3933	2				"strain/isolate=DH5,K-12_MC4100,K-12_W3110,BW25113,K-12_NCM3722 status=active"	Escherichia coli
P76264	P76264	mntP	C		insufficient evidence	  0.999	  0.000	3		1									P76264	4009	3				strain/isolate=K-12 UPSP MNTP_ECOLI Probable manganese efflux pump MntP OS=Escherichia coli (strain K12) OX=83333 GN=mntP PE=1 SV=2	Escherichia coli
B7USJ7	B7USJ7	mntP		4.26													indistinguishable	P76264	P76264	4009	3				strain/isolate=E2348-69 UPSP MNTP_ECO27 Probable manganese efflux pump MntP OS=Escherichia coli O127:H6 (strain E2348/69 / EPEC) OX=574521 GN=mntP PE=3 SV=1	Escherichia coli
ECFI20_01729	ECFI20_01729			4.42													indistinguishable	P76264	P76264	4009	3				strain/isolate=ST131 Manganese efflux pump MntP OS=Escherichia coli (strain K12) OX=83333 GN=mntP PE=3 SV=1	Escherichia coli
A0A140NAX6	A0A140NAX6			4.26													identical	P76264	P76264	4009	3				strain/isolate=BL21 UPTR A0A140NAX6_ECOBD Probable manganese efflux pump MntP OS=Escherichia coli (strain B / BL21-DE3) OX=469008 GN=mntP PE=3 SV=1	Escherichia coli
A1ABY9	A1ABY9	mntP		4.26													identical	P76264	P76264	4009	3				strain/isolate=APEC UPSP MNTP_ECOK1 Probable manganese efflux pump MntP OS=Escherichia coli O1:K1 / APEC OX=405955 GN=mntP PE=3 SV=2	Escherichia coli
D6IBD2	D6IBD2	mntP		4.26													identical	P76264	P76264	4009	3				strain/isolate=B185 UPTR D6IBD2_ECOLX Probable manganese efflux pump MntP OS=Escherichia coli B185 OX=550676 GN=mntP PE=3 SV=1	Escherichia coli
ECFI10_01791	ECFI10_01791			4.26													identical	P76264	P76264	4009	3				strain/isolate=ST93 Manganese efflux pump MntP OS=Escherichia coli (strain K12) OX=83333 GN=mntP PE=3 SV=1	Escherichia coli
ECFI19_01786	ECFI19_01786			4.26													identical	P76264	P76264	4009	3				strain/isolate=ST1421 Manganese efflux pump MntP OS=Escherichia coli (strain K12) OX=83333 GN=mntP PE=3 SV=1	Escherichia coli
ECFI4_01616	ECFI4_01616			4.26													identical	P76264	P76264	4009	3				strain/isolate=ST73 Manganese efflux pump MntP OS=Escherichia coli (strain K12) OX=83333 GN=mntP PE=3 SV=1	Escherichia coli
UPI000044405C	UPI000044405C			4.26													identical	P76264	P76264	4009	3				"strain/isolate=DH5,K-12_NCM3722,K-12_W3110,K-12_MC4100,ATCC_25922,NC101,BW25113 status=active"	Escherichia coli
P76521	P76521	yfdY	C		insufficient evidence	  0.999	  0.000	1		1									P76521	4092	3				strain/isolate=K-12 UPSP YFDY_ECOLI Uncharacterized protein YfdY OS=Escherichia coli (strain K12) OX=83333 GN=yfdY PE=4 SV=1	Escherichia coli
D6I9V5	D6I9V5	ECDG_02225		8.75													identical	A0A140N9S1	P76521	4092	3				strain/isolate=B185 UPTR D6I9V5_ECOLX YfdY protein OS=Escherichia coli B185 OX=550676 GN=ECDG_02225 PE=4 SV=1	Escherichia coli
ECFI10_02335	ECFI10_02335			8.75													identical	A0A140N9S1	P76521	4092	3				strain/isolate=ST93 DUF2545 family protein OS=Escherichia coli (strain K12) OX=83333 GN=FAZ83_00095 PE=4 SV=1	Escherichia coli
ECFI20_02293	ECFI20_02293			8.75													identical	B7UG87	P76521	4092	3				strain/isolate=ST131 DUF2545 family protein OS=Escherichia coli (strain K12) OX=83333 GN=FAZ83_00095 PE=4 SV=1	Escherichia coli
ECFI4_02148	ECFI4_02148			8.75													identical	B7UG87	P76521	4092	3				strain/isolate=ST73 DUF2545 family protein OS=Escherichia coli (strain K12) OX=83333 GN=FAZ83_00095 PE=4 SV=1	Escherichia coli
UPI00000DEE34	UPI00000DEE34			8.75													identical	B7UG87	P76521	4092	3				"strain/isolate=NC101,ATCC_25922 status=active"	Escherichia coli
A0A140N9S1	A0A140N9S1			8.75													indistinguishable	P76521	P76521	4092	3				strain/isolate=BL21 UPTR A0A140N9S1_ECOBD DUF2545 family protein OS=Escherichia coli (strain B / BL21-DE3) OX=469008 GN=ECBD_1295 PE=4 SV=1	Escherichia coli
B7UG87	B7UG87	yfdY		8.75													indistinguishable	P76521	P76521	4092	3				strain/isolate=E2348-69 UPTR B7UG87_ECO27 Predicted inner membrane protein OS=Escherichia coli O127:H6 (strain E2348/69 / EPEC) OX=574521 GN=yfdY PE=4 SV=1	Escherichia coli
ECFI19_02306	ECFI19_02306			8.75													identical	P76521	P76521	4092	3				strain/isolate=ST1421 DUF2545 family protein OS=Escherichia coli (strain K12) OX=83333 GN=FAZ83_00095 PE=4 SV=1	Escherichia coli
UPI000013AE34	UPI000013AE34			8.75													identical	P76521	P76521	4092	3				"strain/isolate=DH5,K-12_MC4100,K-12_W3110,BW25113,K-12_NCM3722 status=active"	Escherichia coli
Q46836	Q46836	pppA	C		insufficient evidence	  1.000	  0.000	4		1									Q46836	4380	9				strain/isolate=K-12 UPSP PPPA_ECOLI Prepilin peptidase PppA OS=Escherichia coli (strain K12) OX=83333 GN=pppA PE=1 SV=2	Escherichia coli
UPI0001F313F2	UPI0001F313F2			2.72													indistinguishable	Q46836	Q46836	4380	9				strain/isolate=DH5 status=active	Escherichia coli
A0A140N8J8	A0A140N8J8			2.6													identical	Q46836	Q46836	4380	9				strain/isolate=BL21 UPTR A0A140N8J8_ECOBD Prepilin leader peptidase/N-methyltransferase OS=Escherichia coli (strain B / BL21-DE3) OX=469008 GN=ECBD_0766 PE=3 SV=1	Escherichia coli
ECFI19_02882	ECFI19_02882			2.6													identical	Q46836	Q46836	4380	9				strain/isolate=ST1421 Type 4 prepilin-like proteins leader peptide-processing enzyme OS=Escherichia coli (strain K12) OX=83333 GN=FAZ83_21265 PE=3 SV=1	Escherichia coli
UPI00001320F8	UPI00001320F8			2.6													identical	Q46836	Q46836	4380	9				"strain/isolate=K-12_W3110,K-12_MC4100,K-12_NCM3722,BW25113 status=active"	Escherichia coli
Q46909	Q46909	ygcS	C		insufficient evidence	  0.999	  0.000	2		1									Q46909	4412	9				strain/isolate=K-12 UPSP YGCS_ECOLI Inner membrane metabolite transport protein YgcS OS=Escherichia coli (strain K12) OX=83333 GN=ygcS PE=1 SV=2	Escherichia coli
ECFI10_02695	ECFI10_02695			1.49													identical	A0A140N6Q2	Q46909	4412	9				strain/isolate=ST93 MFS transporter OS=Escherichia coli (strain K12) OX=83333 GN=FAZ83_24550 PE=4 SV=1	Escherichia coli
ECFI19_02677	ECFI19_02677			1.49													identical	A0A140N6Q2	Q46909	4412	9				strain/isolate=ST1421 MFS transporter OS=Escherichia coli (strain K12) OX=83333 GN=FAZ83_24550 PE=4 SV=1	Escherichia coli
UPI000016815F	UPI000016815F			1.49													identical	A0A140N6Q2	Q46909	4412	9				strain/isolate=K-12_W3110 status=active	Escherichia coli
A0A0H2Z2B8	A0A0H2Z2B8			1.57													indistinguishable	Q46909	Q46909	4412	9				strain/isolate=APEC UPTR A0A0H2Z2B8_ECOK1 Metabolite transport protein YgcS OS=Escherichia coli O1:K1 / APEC OX=405955 GN=ygcS PE=4 SV=1	Escherichia coli
A0A140N6Q2	A0A140N6Q2			1.49													indistinguishable	Q46909	Q46909	4412	9				strain/isolate=BL21 UPTR A0A140N6Q2_ECOBD Major facilitator superfamily MFS_1 OS=Escherichia coli (strain B / BL21-DE3) OX=469008 GN=ECBD_0958 PE=4 SV=1	Escherichia coli
B7UHI3	B7UHI3	ygcS		1.57													indistinguishable	Q46909	Q46909	4412	9				strain/isolate=E2348-69 UPTR B7UHI3_ECO27 Predicted transporter OS=Escherichia coli O127:H6 (strain E2348/69 / EPEC) OX=574521 GN=ygcS PE=4 SV=1	Escherichia coli
D6ICK1	D6ICK1	ECDG_03616		1.57													indistinguishable	Q46909	Q46909	4412	9				strain/isolate=B185 UPTR D6ICK1_ECOLX Inner membrane metabolite transporter ygcS OS=Escherichia coli B185 OX=550676 GN=ECDG_03616 PE=4 SV=1	Escherichia coli
ECFI20_02640	ECFI20_02640			1.49													indistinguishable	Q46909	Q46909	4412	9				strain/isolate=ST131 MFS transporter OS=Escherichia coli (strain K12) OX=83333 GN=FAZ83_24550 PE=4 SV=1	Escherichia coli
ECFI4_02479	ECFI4_02479			1.49													indistinguishable	Q46909	Q46909	4412	9				strain/isolate=ST73 MFS transporter OS=Escherichia coli (strain K12) OX=83333 GN=FAZ83_24550 PE=4 SV=1	Escherichia coli
UPI000188773E	UPI000188773E			1.57													indistinguishable	Q46909	Q46909	4412	9				strain/isolate=ATCC_25922 status=active	Escherichia coli
UPI0001E183AA	UPI0001E183AA			1.57													indistinguishable	Q46909	Q46909	4412	9				strain/isolate=NC101 status=active	Escherichia coli
UPI000013B047	UPI000013B047			1.57													identical	Q46909	Q46909	4412	9				"strain/isolate=K-12_NCM3722,BW25113,DH5,K-12_MC4100 status=active"	Escherichia coli
P0DPP6	P0DPP6	yqhI	C		insufficient evidence	  0.995	  0.000	1		1									Q7DFU6	4464	12				strain/isolate=K-12 UPSP YQHI_ECOLI Protein YqhI OS=Escherichia coli (strain K12) OX=83333 GN=yqhI PE=1 SV=1	Escherichia coli
ECFI10_02920	ECFI10_02920			17.02													indistinguishable	P0DPP6	Q7DFU6	4464	12				strain/isolate=ST93 Protein YqhI	Escherichia coli
ECFI19_02912	ECFI19_02912			17.02													identical	P0DPP6	Q7DFU6	4464	12				strain/isolate=ST1421 Protein YqhI	Escherichia coli
UPI0001DBD4CA	UPI0001DBD4CA			17.02													identical	P0DPP6	Q7DFU6	4464	12				"strain/isolate=DH5,K-12_W3110 status=active"	Escherichia coli
UPI00000DECDA	UPI00000DECDA		C		insufficient evidence	  1.000	  0.000	7		1									UPI00000DECDA	4564	1				"strain/isolate=NC101,ATCC_25922 status=active"	Escherichia coli
UPI0000242D6C	UPI0000242D6C		C		insufficient evidence	  1.000	  0.000	1		1									UPI0000242D6C	4623	1				strain/isolate=K-12_W3110 status=active	Escherichia coli
UPI00016A2252	UPI00016A2252		C		insufficient evidence	  0.998	  0.000	3		1									UPI00016A2252	4667	1				strain/isolate=NC101 status=active	Escherichia coli
UPI00017A982C	UPI00017A982C		C		insufficient evidence	  0.997	  0.000	1		1									UPI00017A982C	4686	1				strain/isolate=NC101 status=active	Escherichia coli
UPI0001E17290	UPI0001E17290		C		insufficient evidence	  1.000	  0.000	1		1									UPI0001E17290	4736	1				strain/isolate=NC101 status=active	Escherichia coli
UPI0001E175B3	UPI0001E175B3		C		insufficient evidence	  0.991	  0.000	5		1									UPI0001E175B3	4750	1				strain/isolate=NC101 status=active	Escherichia coli
UPI0001E177EA	UPI0001E177EA		C		insufficient evidence	  0.993	  0.000	17		1									UPI0001E177EA	4757	1				strain/isolate=NC101 status=active	Escherichia coli
UPI0001E17802	UPI0001E17802		C		insufficient evidence	  1.000	  0.000	6		1									UPI0001E17802	4762	1				strain/isolate=NC101 status=active	Escherichia coli
UPI0001E17822	UPI0001E17822		C		insufficient evidence	  0.995	  0.000	18		1									UPI0001E17822	4765	1				strain/isolate=NC101 status=active	Escherichia coli
UPI0001E17A79	UPI0001E17A79		C		insufficient evidence	  1.000	  0.000	1		1									UPI0001E17A79	4770	1				strain/isolate=NC101 status=active	Escherichia coli
UPI0002BB7B14	UPI0002BB7B14		C		insufficient evidence	  1.000	  0.000	1		1									UPI0002BB7B14	4841	1				strain/isolate=ATCC_25922 status=active	Escherichia coli
